,STEMGRADS.MHL.A,STEMGRADS.AZE.A,STEMGRADS.COL.A,STEMGRADS.ARE.A,STEMGRADS.CZE.A,STEMGRADS.GIB.A,STEMGRADS.FRA.A,STEMGRADS.GEO.A,STEMGRADS.MNG.A,STEMGRADS.SWE.A,STEMGRADS.TUR.A,STEMGRADS.GHA.A,STEMGRADS.HUN.A,STEMGRADS.IND.A,STEMGRADS.JOR.A,STEMGRADS.LTU.A,STEMGRADS.SLV.A,STEMGRADS.UKR.A,STEMGRADS.BLR.A,STEMGRADS.DZA.A,STEMGRADS.EST.A,STEMGRADS.MEX.A,STEMGRADS.NZL.A,STEMGRADS.QAT.A,STEMGRADS.ALB.A,STEMGRADS.BIH.A,STEMGRADS.LKA.A,STEMGRADS.ISR.A,STEMGRADS.RWA.A,STEMGRADS.SAU.A,STEMGRADS.SGP.A,STEMGRADS.TTO.A,STEMGRADS.SVN.A,STEMGRADS.TUN.A,STEMGRADS.BGR.A,STEMGRADS.CRI.A,STEMGRADS.CUB.A,STEMGRADS.UZB.A,STEMGRADS.ARM.A,STEMGRADS.BFA.A,STEMGRADS.BWA.A,STEMGRADS.LUX.A,STEMGRADS.MAR.A,STEMGRADS.MKD.A,STEMGRADS.MLT.A,STEMGRADS.PAN.A,STEMGRADS.TCA.A,STEMGRADS.CAN.A,STEMGRADS.AND.A,STEMGRADS.DNK.A,STEMGRADS.GRC.A,STEMGRADS.ISL.A,STEMGRADS.SYR.A,STEMGRADS.DOM.A,STEMGRADS.EGY.A,STEMGRADS.SXM.A,STEMGRADS.OMN.A,STEMGRADS.ECU.A,STEMGRADS.HRV.A,STEMGRADS.PHL.A,STEMGRADS.WSM.A,STEMGRADS.TKM.A,STEMGRADS.TCD.A,STEMGRADS.MDG.A,STEMGRADS.BMU.A,STEMGRADS.SMR.A,STEMGRADS.SVK.A,STEMGRADS.SYC.A,STEMGRADS.VGB.A,STEMGRADS.ZAF.A,STEMGRADS.CYP.A,STEMGRADS.IRL.A,STEMGRADS.KGZ.A,STEMGRADS.AUS.A,STEMGRADS.AUT.A,STEMGRADS.BEL.A,STEMGRADS.CHE.A,STEMGRADS.NLD.A,STEMGRADS.POL.A,STEMGRADS.PSE.A,STEMGRADS.USA.A,STEMGRADS.DEU.A,STEMGRADS.ESP.A,STEMGRADS.GBR.A,STEMGRADS.FIN.A,STEMGRADS.ITA.A,STEMGRADS.MDA.A,STEMGRADS.LVA.A,STEMGRADS.MCO.A,STEMGRADS.MYS.A,STEMGRADS.MUS.A,STEMGRADS.NOR.A,STEMGRADS.ROU.A,STEMGRADS.PRT.A,STEMGRADS.ARG.A,STEMGRADS.BHR.A,STEMGRADS.BLZ.A,STEMGRADS.CHL.A,STEMGRADS.KOR.A,STEMGRADS.LBN.A,STEMGRADS.MAC.A,STEMGRADS.SRB.A,STEMGRADS.URY.A,STEMGRADS.THA.A,STEMGRADS.BRA.A,STEMGRADS.LIE.A,STEMGRADS.BEN.A,STEMGRADS.NAM.A
,"Percentage of graduates from Science, Technology, Engineering and Mathematics programmes in tertiary education, both sexes (%), Marshall Islands","Percentage of graduates from Science, Technology, Engineering and Mathematics programmes in tertiary education, both sexes (%), Azerbaijan","Percentage of graduates from Science, Technology, Engineering and Mathematics programmes in tertiary education, both sexes (%), Colombia","Percentage of graduates from Science, Technology, Engineering and Mathematics programmes in tertiary education, both sexes (%), United Arab Emirates","Percentage of graduates from Science, Technology, Engineering and Mathematics programmes in tertiary education, both sexes (%), Czechia","Percentage of graduates from Science, Technology, Engineering and Mathematics programmes in tertiary education, both sexes (%), Gibraltar","Percentage of graduates from Science, Technology, Engineering and Mathematics programmes in tertiary education, both sexes (%), France","Percentage of graduates from Science, Technology, Engineering and Mathematics programmes in tertiary education, both sexes (%), Georgia","Percentage of graduates from Science, Technology, Engineering and Mathematics programmes in tertiary education, both sexes (%), Mongolia","Percentage of graduates from Science, Technology, Engineering and Mathematics programmes in tertiary education, both sexes (%), Sweden","Percentage of graduates from Science, Technology, Engineering and Mathematics programmes in tertiary education, both sexes (%), Turkey","Percentage of graduates from Science, Technology, Engineering and Mathematics programmes in tertiary education, both sexes (%), Ghana","Percentage of graduates from Science, Technology, Engineering and Mathematics programmes in tertiary education, both sexes (%), Hungary","Percentage of graduates from Science, Technology, Engineering and Mathematics programmes in tertiary education, both sexes (%), India","Percentage of graduates from Science, Technology, Engineering and Mathematics programmes in tertiary education, both sexes (%), Jordan","Percentage of graduates from Science, Technology, Engineering and Mathematics programmes in tertiary education, both sexes (%), Lithuania","Percentage of graduates from Science, Technology, Engineering and Mathematics programmes in tertiary education, both sexes (%), El Salvador","Percentage of graduates from Science, Technology, Engineering and Mathematics programmes in tertiary education, both sexes (%), Ukraine","Percentage of graduates from Science, Technology, Engineering and Mathematics programmes in tertiary education, both sexes (%), Belarus","Percentage of graduates from Science, Technology, Engineering and Mathematics programmes in tertiary education, both sexes (%), Algeria","Percentage of graduates from Science, Technology, Engineering and Mathematics programmes in tertiary education, both sexes (%), Estonia","Percentage of graduates from Science, Technology, Engineering and Mathematics programmes in tertiary education, both sexes (%), Mexico","Percentage of graduates from Science, Technology, Engineering and Mathematics programmes in tertiary education, both sexes (%), New Zealand","Percentage of graduates from Science, Technology, Engineering and Mathematics programmes in tertiary education, both sexes (%), Qatar","Percentage of graduates from Science, Technology, Engineering and Mathematics programmes in tertiary education, both sexes (%), Albania","Percentage of graduates from Science, Technology, Engineering and Mathematics programmes in tertiary education, both sexes (%), Bosnia and Herzegovina","Percentage of graduates from Science, Technology, Engineering and Mathematics programmes in tertiary education, both sexes (%), Sri Lanka","Percentage of graduates from Science, Technology, Engineering and Mathematics programmes in tertiary education, both sexes (%), Israel","Percentage of graduates from Science, Technology, Engineering and Mathematics programmes in tertiary education, both sexes (%), Rwanda","Percentage of graduates from Science, Technology, Engineering and Mathematics programmes in tertiary education, both sexes (%), Saudi Arabia","Percentage of graduates from Science, Technology, Engineering and Mathematics programmes in tertiary education, both sexes (%), Singapore","Percentage of graduates from Science, Technology, Engineering and Mathematics programmes in tertiary education, both sexes (%), Trinidad and Tobago","Percentage of graduates from Science, Technology, Engineering and Mathematics programmes in tertiary education, both sexes (%), Slovenia","Percentage of graduates from Science, Technology, Engineering and Mathematics programmes in tertiary education, both sexes (%), Tunisia","Percentage of graduates from Science, Technology, Engineering and Mathematics programmes in tertiary education, both sexes (%), Bulgaria","Percentage of graduates from Science, Technology, Engineering and Mathematics programmes in tertiary education, both sexes (%), Costa Rica","Percentage of graduates from Science, Technology, Engineering and Mathematics programmes in tertiary education, both sexes (%), Cuba","Percentage of graduates from Science, Technology, Engineering and Mathematics programmes in tertiary education, both sexes (%), Uzbekistan","Percentage of graduates from Science, Technology, Engineering and Mathematics programmes in tertiary education, both sexes (%), Armenia","Percentage of graduates from Science, Technology, Engineering and Mathematics programmes in tertiary education, both sexes (%), Burkina Faso","Percentage of graduates from Science, Technology, Engineering and Mathematics programmes in tertiary education, both sexes (%), Botswana","Percentage of graduates from Science, Technology, Engineering and Mathematics programmes in tertiary education, both sexes (%), Luxembourg","Percentage of graduates from Science, Technology, Engineering and Mathematics programmes in tertiary education, both sexes (%), Morocco","Percentage of graduates from Science, Technology, Engineering and Mathematics programmes in tertiary education, both sexes (%), North Macedonia","Percentage of graduates from Science, Technology, Engineering and Mathematics programmes in tertiary education, both sexes (%), Malta","Percentage of graduates from Science, Technology, Engineering and Mathematics programmes in tertiary education, both sexes (%), Panama","Percentage of graduates from Science, Technology, Engineering and Mathematics programmes in tertiary education, both sexes (%), Turks and Caicos Islands","Percentage of graduates from Science, Technology, Engineering and Mathematics programmes in tertiary education, both sexes (%), Canada","Percentage of graduates from Science, Technology, Engineering and Mathematics programmes in tertiary education, both sexes (%), Andorra","Percentage of graduates from Science, Technology, Engineering and Mathematics programmes in tertiary education, both sexes (%), Denmark","Percentage of graduates from Science, Technology, Engineering and Mathematics programmes in tertiary education, both sexes (%), Greece","Percentage of graduates from Science, Technology, Engineering and Mathematics programmes in tertiary education, both sexes (%), Iceland","Percentage of graduates from Science, Technology, Engineering and Mathematics programmes in tertiary education, both sexes (%), Syrian Arab Republic","Percentage of graduates from Science, Technology, Engineering and Mathematics programmes in tertiary education, both sexes (%), Dominican Republic","Percentage of graduates from Science, Technology, Engineering and Mathematics programmes in tertiary education, both sexes (%), Egypt","Percentage of graduates from Science, Technology, Engineering and Mathematics programmes in tertiary education, both sexes (%), Sint Maarten (Dutch part)","Percentage of graduates from Science, Technology, Engineering and Mathematics programmes in tertiary education, both sexes (%), Oman","Percentage of graduates from Science, Technology, Engineering and Mathematics programmes in tertiary education, both sexes (%), Ecuador","Percentage of graduates from Science, Technology, Engineering and Mathematics programmes in tertiary education, both sexes (%), Croatia","Percentage of graduates from Science, Technology, Engineering and Mathematics programmes in tertiary education, both sexes (%), Philippines","Percentage of graduates from Science, Technology, Engineering and Mathematics programmes in tertiary education, both sexes (%), Samoa","Percentage of graduates from Science, Technology, Engineering and Mathematics programmes in tertiary education, both sexes (%), Turkmenistan","Percentage of graduates from Science, Technology, Engineering and Mathematics programmes in tertiary education, both sexes (%), Chad","Percentage of graduates from Science, Technology, Engineering and Mathematics programmes in tertiary education, both sexes (%), Madagascar","Percentage of graduates from Science, Technology, Engineering and Mathematics programmes in tertiary education, both sexes (%), Bermuda","Percentage of graduates from Science, Technology, Engineering and Mathematics programmes in tertiary education, both sexes (%), San Marino","Percentage of graduates from Science, Technology, Engineering and Mathematics programmes in tertiary education, both sexes (%), Slovakia","Percentage of graduates from Science, Technology, Engineering and Mathematics programmes in tertiary education, both sexes (%), Seychelles","Percentage of graduates from Science, Technology, Engineering and Mathematics programmes in tertiary education, both sexes (%), British Virgin Islands","Percentage of graduates from Science, Technology, Engineering and Mathematics programmes in tertiary education, both sexes (%), South Africa","Percentage of graduates from Science, Technology, Engineering and Mathematics programmes in tertiary education, both sexes (%), Cyprus","Percentage of graduates from Science, Technology, Engineering and Mathematics programmes in tertiary education, both sexes (%), Ireland","Percentage of graduates from Science, Technology, Engineering and Mathematics programmes in tertiary education, both sexes (%), Kyrgyzstan","Percentage of graduates from Science, Technology, Engineering and Mathematics programmes in tertiary education, both sexes (%), Australia","Percentage of graduates from Science, Technology, Engineering and Mathematics programmes in tertiary education, both sexes (%), Austria","Percentage of graduates from Science, Technology, Engineering and Mathematics programmes in tertiary education, both sexes (%), Belgium","Percentage of graduates from Science, Technology, Engineering and Mathematics programmes in tertiary education, both sexes (%), Switzerland","Percentage of graduates from Science, Technology, Engineering and Mathematics programmes in tertiary education, both sexes (%), Netherlands","Percentage of graduates from Science, Technology, Engineering and Mathematics programmes in tertiary education, both sexes (%), Poland","Percentage of graduates from Science, Technology, Engineering and Mathematics programmes in tertiary education, both sexes (%), Palestine","Percentage of graduates from Science, Technology, Engineering and Mathematics programmes in tertiary education, both sexes (%), United States of America","Percentage of graduates from Science, Technology, Engineering and Mathematics programmes in tertiary education, both sexes (%), Germany","Percentage of graduates from Science, Technology, Engineering and Mathematics programmes in tertiary education, both sexes (%), Spain","Percentage of graduates from Science, Technology, Engineering and Mathematics programmes in tertiary education, both sexes (%), United Kingdom of Great Britain and Northern Ireland","Percentage of graduates from Science, Technology, Engineering and Mathematics programmes in tertiary education, both sexes (%), Finland","Percentage of graduates from Science, Technology, Engineering and Mathematics programmes in tertiary education, both sexes (%), Italy","Percentage of graduates from Science, Technology, Engineering and Mathematics programmes in tertiary education, both sexes (%), Republic of Moldova","Percentage of graduates from Science, Technology, Engineering and Mathematics programmes in tertiary education, both sexes (%), Latvia","Percentage of graduates from Science, Technology, Engineering and Mathematics programmes in tertiary education, both sexes (%), Monaco","Percentage of graduates from Science, Technology, Engineering and Mathematics programmes in tertiary education, both sexes (%), Malaysia","Percentage of graduates from Science, Technology, Engineering and Mathematics programmes in tertiary education, both sexes (%), Mauritius","Percentage of graduates from Science, Technology, Engineering and Mathematics programmes in tertiary education, both sexes (%), Norway","Percentage of graduates from Science, Technology, Engineering and Mathematics programmes in tertiary education, both sexes (%), Romania","Percentage of graduates from Science, Technology, Engineering and Mathematics programmes in tertiary education, both sexes (%), Portugal","Percentage of graduates from Science, Technology, Engineering and Mathematics programmes in tertiary education, both sexes (%), Argentina","Percentage of graduates from Science, Technology, Engineering and Mathematics programmes in tertiary education, both sexes (%), Bahrain","Percentage of graduates from Science, Technology, Engineering and Mathematics programmes in tertiary education, both sexes (%), Belize","Percentage of graduates from Science, Technology, Engineering and Mathematics programmes in tertiary education, both sexes (%), Chile","Percentage of graduates from Science, Technology, Engineering and Mathematics programmes in tertiary education, both sexes (%), Republic of Korea","Percentage of graduates from Science, Technology, Engineering and Mathematics programmes in tertiary education, both sexes (%), Lebanon","Percentage of graduates from Science, Technology, Engineering and Mathematics programmes in tertiary education, both sexes (%), China, Macao Special Administrative Region","Percentage of graduates from Science, Technology, Engineering and Mathematics programmes in tertiary education, both sexes (%), Serbia","Percentage of graduates from Science, Technology, Engineering and Mathematics programmes in tertiary education, both sexes (%), Uruguay","Percentage of graduates from Science, Technology, Engineering and Mathematics programmes in tertiary education, both sexes (%), Thailand","Percentage of graduates from Science, Technology, Engineering and Mathematics programmes in tertiary education, both sexes (%), Brazil","Percentage of graduates from Science, Technology, Engineering and Mathematics programmes in tertiary education, both sexes (%), Liechtenstein","Percentage of graduates from Science, Technology, Engineering and Mathematics programmes in tertiary education, both sexes (%), Benin","Percentage of graduates from Science, Technology, Engineering and Mathematics programmes in tertiary education, both sexes (%),Namibia "
1970,,,,,,,,,,,,,,,,,,,,,,,,,,,,,,,,,,,,,,,,,,,,,,,,,,,,,,,,,,,,,,,,,,,,,,,,,,,,,,,,,,,,,,,,,,,,,,,,,,,,,,,,,,,,
1971,,,,,,,,,,,,,,,,,,,,,,,,,,,,,,,,,,,,,,,,,,,,,,,,,,,,,,,,,,,,,,,,,,,,,,,,,,,,,,,,,,,,,,,,,,,,,,,,,,,,,,,,,,,,
1972,,,,,,,,,,,,,,,,,,,,,,,,,,,,,,,,,,,,,,,,,,,,,,,,,,,,,,,,,,,,,,,,,,,,,,,,,,,,,,,,,,,,,,,,,,,,,,,,,,,,,,,,,,,,
1973,,,,,,,,,,,,,,,,,,,,,,,,,,,,,,,,,,,,,,,,,,,,,,,,,,,,,,,,,,,,,,,,,,,,,,,,,,,,,,,,,,,,,,,,,,,,,,,,,,,,,,,,,,,,
1974,,,,,,,,,,,,,,,,,,,,,,,,,,,,,,,,,,,,,,,,,,,,,,,,,,,,,,,,,,,,,,,,,,,,,,,,,,,,,,,,,,,,,,,,,,,,,,,,,,,,,,,,,,,,
1975,,,,,,,,,,,,,,,,,,,,,,,,,,,,,,,,,,,,,,,,,,,,,,,,,,,,,,,,,,,,,,,,,,,,,,,,,,,,,,,,,,,,,,,,,,,,,,,,,,,,,,,,,,,,
1976,,,,,,,,,,,,,,,,,,,,,,,,,,,,,,,,,,,,,,,,,,,,,,,,,,,,,,,,,,,,,,,,,,,,,,,,,,,,,,,,,,,,,,,,,,,,,,,,,,,,,,,,,,,,
1977,,,,,,,,,,,,,,,,,,,,,,,,,,,,,,,,,,,,,,,,,,,,,,,,,,,,,,,,,,,,,,,,,,,,,,,,,,,,,,,,,,,,,,,,,,,,,,,,,,,,,,,,,,,,
1978,,,,,,,,,,,,,,,,,,,,,,,,,,,,,,,,,,,,,,,,,,,,,,,,,,,,,,,,,,,,,,,,,,,,,,,,,,,,,,,,,,,,,,,,,,,,,,,,,,,,,,,,,,,,
1979,,,,,,,,,,,,,,,,,,,,,,,,,,,,,,,,,,,,,,,,,,,,,,,,,,,,,,,,,,,,,,,,,,,,,,,,,,,,,,,,,,,,,,,,,,,,,,,,,,,,,,,,,,,,
1980,,,,,,,,,,,,,,,,,,,,,,,,,,,,,,,,,,,,,,,,,,,,,,,,,,,,,,,,,,,,,,,,,,,,,,,,,,,,,,,,,,,,,,,,,,,,,,,,,,,,,,,,,,,,
1981,,,,,,,,,,,,,,,,,,,,,,,,,,,,,,,,,,,,,,,,,,,,,,,,,,,,,,,,,,,,,,,,,,,,,,,,,,,,,,,,,,,,,,,,,,,,,,,,,,,,,,,,,,,,
1982,,,,,,,,,,,,,,,,,,,,,,,,,,,,,,,,,,,,,,,,,,,,,,,,,,,,,,,,,,,,,,,,,,,,,,,,,,,,,,,,,,,,,,,,,,,,,,,,,,,,,,,,,,,,
1983,,,,,,,,,,,,,,,,,,,,,,,,,,,,,,,,,,,,,,,,,,,,,,,,,,,,,,,,,,,,,,,,,,,,,,,,,,,,,,,,,,,,,,,,,,,,,,,,,,,,,,,,,,,,
1984,,,,,,,,,,,,,,,,,,,,,,,,,,,,,,,,,,,,,,,,,,,,,,,,,,,,,,,,,,,,,,,,,,,,,,,,,,,,,,,,,,,,,,,,,,,,,,,,,,,,,,,,,,,,
1985,,,,,,,,,,,,,,,,,,,,,,,,,,,,,,,,,,,,,,,,,,,,,,,,,,,,,,,,,,,,,,,,,,,,,,,,,,,,,,,,,,,,,,,,,,,,,,,,,,,,,,,,,,,,
1986,,,,,,,,,,,,,,,,,,,,,,,,,,,,,,,,,,,,,,,,,,,,,,,,,,,,,,,,,,,,,,,,,,,,,,,,,,,,,,,,,,,,,,,,,,,,,,,,,,,,,,,,,,,,
1987,,,,,,,,,,,,,,,,,,,,,,,,,,,,,,,,,,,,,,,,,,,,,,,,,,,,,,,,,,,,,,,,,,,,,,,,,,,,,,,,,,,,,,,,,,,,,,,,,,,,,,,,,,,,
1988,,,,,,,,,,,,,,,,,,,,,,,,,,,,,,,,,,,,,,,,,,,,,,,,,,,,,,,,,,,,,,,,,,,,,,,,,,,,,,,,,,,,,,,,,,,,,,,,,,,,,,,,,,,,
1989,,,,,,,,,,,,,,,,,,,,,,,,,,,,,,,,,,,,,,,,,,,,,,,,,,,,,,,,,,,,,,,,,,,,,,,,,,,,,,,,,,,,,,,,,,,,,,,,,,,,,,,,,,,,
1990,,,,,,,,,,,,,,,,,,,,,,,,,,,,,,,,,,,,,,,,,,,,,,,,,,,,,,,,,,,,,,,,,,,,,,,,,,,,,,,,,,,,,,,,,,,,,,,,,,,,,,,,,,,,
1991,,,,,,,,,,,,,,,,,,,,,,,,,,,,,,,,,,,,,,,,,,,,,,,,,,,,,,,,,,,,,,,,,,,,,,,,,,,,,,,,,,,,,,,,,,,,,,,,,,,,,,,,,,,,
1992,,,,,,,,,,,,,,,,,,,,,,,,,,,,,,,,,,,,,,,,,,,,,,,,,,,,,,,,,,,,,,,,,,,,,,,,,,,,,,,,,,,,,,,,,,,,,,,,,,,,,,,,,,,,
1993,,,,,,,,,,,,,,,,,,,,,,,,,,,,,,,,,,,,,,,,,,,,,,,,,,,,,,,,,,,,,,,,,,,,,,,,,,,,,,,,,,,,,,,,,,,,,,,,,,,,,,,,,,,,
1994,,,,,,,,,,,,,,,,,,,,,,,,,,,,,,,,,,,,,,,,,,,,,,,,,,,,,,,,,,,,,,,,,,,,,,,,,,,,,,,,,,,,,,,,,,,,,,,,,,,,,,,,,,,,
1995,,,,,,,,,,,,,,,,,,,,,,,,,,,,,,,,,,,,,,,,,,,,,,,,,,,,,,,,,,,,,,,,,,,,,,,,,,,,,,,,,,,,,,,,,,,,,,,,,,,,,,,,,,,,
1996,,,,,,,,,,,,,,,,,,,,,,,,,,,,,,,,,,,,,,,,,,,,,,,,,,,,,,,,,,,,,,,,,,,,,,,,,,,,,,,,,,,,,,,,,,,,,,,,,,,,,,,,,,,,
1997,,,,,,,,,,,,,,,,,,,,,,,,,,,,,,,,,,,,,,,,,,,,,,,,,,,,,,,,,,,,,,,,,,,,,,,,,,,,,,,,,,,,,,,,,,,,,,,,,,,,,,,,,,,,
1998,,,,,,,,,,,,,,,,,,,,,,,,,,,,,,,,,,,,,,,,,,,,,,,,,,,,,,,,,,,,,,,,,,,,,,,,,,,,,,,,,,,,,,24.45953941,,,,,,,,,,,,,42.27920914,,,,,,,,,
1999,,,,,,,,,,,,,,,,,,,,,,,,,,,,,,,,,,,,,,,,,,,,,,,,,,,,,,,,,,,,,,,,,,,,,,,,,,,,,25.09465,,,18.39093971,17.73847961,,23.78615952,,,24.12339973,,,,,,16.06138039,24.49624062,,,,,,41.83769989,,,,,,,,,
2000,,,,,24.71335983,,30.55257034,22.98324966,22.89751053,31.07807922,30.65550995,,13.21910954,,,26.75408936,,,,,19.41802979,24.36202049,,21.02564049,7.032730103,,,,,,,,,,18.29059029,,,,,,,,,30.91613007,11.98180008,,,,,18.26263046,,19.73019028,,,,,,,27.28223991,,24.3842392,,13.70629025,,,,22.25649071,0,,,,34.49974823,,20.3021698,,19.37999,25.27604,16.31534958,,20.13780022,,26.91868019,25.42914963,24.92054939,26.41494942,23.28071976,,17.13692093,,,,16.70619965,25.13100052,18.52333069,,,,,40.4214592,20.82957077,,,,,,,,
2001,,,,,22.24896049,,,22.27462959,20.24481964,32.6197319,,,11.20728016,,,26.49338913,,30.62811089,,,18.71052933,25.09962082,,20.30303001,5.911650181,,,,,,,,20.33192062,,20.58984947,13.3519001,,,,,8.244680405,,18.40242958,27.75378036,9.635549545,,,,,21.82126045,,19.0222702,,,,,,,25.09502983,,,,,,15.15151978,,26.62529945,0,,,,30.8001194,20.63196945,,,19.31284,24.39791,16.10479927,,20.74641991,,26.2793293,27.28025055,27.50637054,29.95665932,25.74423981,,16.23852921,,,,16.58357048,24.0915699,,,,,,41.41957855,23.25453949,3.202330112,,,,13.39323997,,,1.97044003
2002,,,24.69111061,,23.44035912,,30.36725044,22.64092064,19.13870049,32.33110809,,,13.88852978,,,23.97068977,21.26239014,28.70751953,,,17.27202034,25.39451981,,16.95191956,,,,,,,,,20.02380943,,27.60330963,12.26618004,13.12790012,,,,13.64204979,,,26.87915039,8.618840218,18.37002945,,,34.48276138,22.22986031,,18.17767906,,,,,,,22.83427048,,,,,,,,26.13451004,0,0,,13.13842964,29.14852905,16.19832039,22.94787025,,19.37647,23.94322,16.44759941,,,,26.51639938,27.93445969,26.96746063,28.2919693,23.91379929,,12.31534004,,,,15.74936008,,19.43117905,,,,,41.08398056,22.69396973,3.81498003,,,,12.80331039,,,
2003,,,,,22.90897942,,29.88172913,23.54060936,19.61834908,30.94132996,,,12.76661968,,,23.23097038,21.76963043,26.51762962,,,18.92275047,28.92856026,,16.45022011,6.132259846,,,,,,,,18.74237061,,21.31269073,,,,,,,,,23.7842598,9.130860329,19.66502953,,,45.94594955,19.82785034,,16.41493988,,,,,,,21.48630905,,,,,,,,25.0941906,0,,,12.79743004,29.41383934,18.67472076,22.5710907,,,22.54016,,,23.18412018,,,28.97752953,25.90254021,29.95284081,23.48022079,,14.32044983,,,,,,20.38651085,,18.6301403,,,40.77452087,,2.592920065,,,,12.56602955,40.98360825,,6.764259815
2004,,,,,22.75629997,,27.67510986,24.17797089,18.21972084,29.10762978,29.29096031,,11.35138988,,25.48843002,22.75363922,,,24.9878006,,18.53443909,,,,,,,,,9.399060249,,,,,22.04233932,,,,,,,,,23.32755089,10.30303001,14.35004044,,,37.77777863,19.47738075,28.27672005,16.2342205,,,,,,,,,,,,,,,25.04029083,0,,,,27.68567085,14.61674976,,,,22.48036,16.66115952,,20.96760941,,,28.76682091,22.77503967,29.09090996,22.10994911,,13.93826008,,45.02602005,,16.48088074,22.96150017,23.6758194,,,,26.4616394,38.66941833,21.9796505,,,,,12.3688097,5.479450226,,
2005,,,,,22.52743912,,,,18.84181023,26.06455994,28.45119095,,11.73054981,,28.19548988,22.88139915,21.52269936,25.05303955,25.72697067,,22.8440609,27.66677094,18.30369949,,,,,,,18.30533028,,,19.14233017,,22.01008034,,,,,,,,,23.24600029,7.551990032,19.25296021,,,34.92063141,18.90592003,27.99806023,14.82369041,,,,,,,18.11949921,,,,,20.08791924,18.36734962,,26.81014061,0,,,,,15.46308041,22.17170906,,,23.97431,,,,,,27.89454079,22.2018795,30.11128998,22.22628975,,13.81015968,,,,16.3477993,22.52737999,24.96655083,,19.91205978,,,37.43811035,20.83658028,5.136879921,,,,12.34566975,,,3.759089947
2006,,,,,,,27.69936943,21.59538078,19.54038048,26.02511024,22.42008972,,13.62917995,,,23.06023979,21.04647064,24.8407402,,,21.61787987,27.32850075,,,,,,,,31.65114975,,,17.16534996,,,,,,,,,,,21.68897057,11.09864998,20.44819069,,,38.09524155,18.1661396,,14.50852966,,,,,,,18.04998016,,,,,16.3022995,,,24.57328033,0,,,13.91913033,,15.73810005,20.31905937,,17.18294,22.97433,,,,,,27.54784966,21.77256966,30.32926941,21.70059013,,13.50481987,,42.68078995,,,20.33909035,24.40122986,13.78744984,17.91044998,,26.51939964,35.86753845,20.13985062,4.95510006,,,,,34.84848022,,
2007,,,,,24.8796196,,27.23559952,16.22472,18.27820015,24.15411949,21.93650055,,,,25.11194992,21.79454041,22.10519028,24.76848984,26.27042961,25.38279915,23.7789402,26.67837906,,,,,,,,24.55270004,,,18.11750984,,22.11540985,13.67759991,,,,,,,23.87647057,17.51347923,,20.7016201,,,,19.97286034,22.10334969,12.87963963,,,,,27.6700592,12.01963043,20.69462013,,,,,21.33423996,22.15568924,,24.34291077,0,,,12.35095978,,16.67571068,19.08358955,31.1736393,,,,,16.76811028,,,27.14930916,21.69634056,,21.19487953,,12.54638004,,45.46371841,,15.6570797,19.68456078,29.29002953,12.85223961,,,26.98405075,34.28087997,23.14723015,3.870409966,24.68147087,11.73894024,,13.04442978,31.50684929,,
2008,,18.61330032,,,26.03095055,,27.17922974,,17.37896919,23.86541939,22.30426025,,14.81011963,,,22.35409927,27.78937912,24.7742691,,,23.55223083,26.60037994,,23.14142036,,,,,,24.90189934,,,18.98263931,,18.94008064,,,,,,,23.4899292,33.65377045,17.84407043,12.85816956,19.52424049,,,23.80952072,19.49189949,24.89246941,13.66014957,,,,,,13.28052998,22.9564209,,,,,20.0182991,,,21.30532074,0,,,12.60365009,,15.56861019,18.34757996,30.21138954,16.07128,21.36357,,,16.98516083,,,26.72246933,21.40638924,,19.80365944,,12.94108963,,40.24145126,,15.7390604,17.10860062,31.75182915,12.20761013,,,22.67700005,32.80392838,22.03610039,3.919830084,21.91576958,12.01690006,,12.34484959,21.98582077,,
2009,,16.07588959,,,24.51402092,,27.02154922,,18.61120033,24.41584969,21.27565002,,16.88592911,,,22.34538078,27.4059906,25.86379051,,24.01218987,22.69997025,25.92021942,,20.62615013,,,,,,24.68732071,,,19.25518036,,19.88997078,,,,,,,,35.94377136,21.78915977,15.04922962,19.33567047,,,,18.94045067,,14.67014027,,,,,33.72616959,,24.55116081,,,,,21.59555054,23.74101067,,21.17190933,0,26.89654922,,13.6886301,21.18730927,17.05521011,17.27754021,30.22236061,16.36946,22.35676,,,17.3165493,,,26.4021492,21.81572914,28.4765892,,,13.83119965,,37.72045135,,15.79959965,23.30726051,30.08107948,14.45357037,,,20.97281075,31.24279976,25.13249016,4.069930077,22.12310028,13.63741016,,12.77501011,14.62263966,,
2010,,16.69602662,,,24.09571075,,,17.44868035,17.58585098,25.62360001,20.62690926,,18.07066917,,,22.23085976,26.39709755,26.44123299,,28.62894292,23.65591049,25.48405075,,24.00245549,,,,,,35.78201917,,,22.08794975,,20.8449707,11.43253994,,,16.01622764,23.33403627,,,35.10773131,19.62565041,16.66119957,19.54539205,,,,19.40262985,27.9407692,15.70489025,,,,,38.93985729,,20.39775085,25.53067891,,,,18.92373085,22.10526085,,21.21614075,0,,,13.2990303,23.11527061,16.71266937,,30.86039925,16.33023,20.72265,14.08996964,,16.50665431,,,26.30594063,22.45952034,32.14868164,,,14.29615021,,36.85589981,,16.57794952,17.86644936,26.26416969,13.63010025,,,20.53292084,,24.97977346,4.519166106,24.48501968,15.6005827,,12.28639984,18.5,,
2011,,16.29105502,22.9342308,,22.62924957,,,,18.88023949,25.98304939,22.60329056,,18.37491989,,,22.55463982,23.11181227,26.49758238,,25.62770936,24.21372986,26.80295944,,29.80952381,13.78547253,,,,,34.37406855,,,24.29500008,,20.19112015,12.44604015,,,,22.83181953,,,,21.32294083,21.92749977,22.13251545,,,,20.25871086,28.5596199,,,,,,,,,25.27180276,,,,,23.95833015,,20.7401104,25,,,17.21463013,,16.96389008,16.67865944,30.32530975,16.72825,21.82392,,17.73811913,16.35858936,,,25.83959961,22.43763924,28.10936928,22.23913956,,15.4115696,,37.82852173,,,21.05117035,26.11300087,13.62162018,,,,32.3071785,23.39812392,7.2760181,26.19037056,,,12.20433044,21.25984001,13.24118996,
2012,,16.33360262,22.12730026,,22.45274925,,26.10246086,20.90360773,18.58335795,27.33252907,21.23848915,,18.63104057,,,23.38657951,21.59143358,25.65992151,,,24.83168983,,,33.57034027,,,,,,28.96389268,,,25.46611023,43.08377075,22.6758194,,3.471347445,,,20.04118616,,14.7401104,,19.47129059,,,,,7.317073171,21.32032967,29.35794067,,,,,,,,24.20141029,26.04025246,,,,,30.97344971,,21.08216095,0,,,21.86943054,25.08246994,16.67033958,,28.48385048,16.65112,,,18.07946014,15.91704985,,,22.78544998,21.93527031,27.93169975,20.79649925,,16.86717987,,31.63178062,,16.3230896,,26.43956947,,,,19.54034042,,,5.424177278,26.17679977,,,12.96057987,24.89451027,,
2013,,,,,23.9582901,,23.36857033,,19.47710487,25.90476036,,,18.87733078,29.11146582,,23.47382927,,,,,27.12800026,27.48951912,19.20399094,,,,,,10.58719576,,,,27.10036087,,21.20049095,,,,,,,16.25238991,,22.21244049,25.29582024,,,20.71710968,,20.44924927,31.13862991,,,,,,,,,25.53067891,,,,,,,20.99213028,,,,19.01165009,21.02223969,,17.00458908,28.45259094,17.29079,23.03044,13.84360027,18.76651001,,15.35387993,,25.78223991,25.18131065,27.91200066,24.13216972,,20.03539085,,,,19.73374939,26.78383064,27.48057938,,,,19.26935005,,,,,,,,,,
2014,,,23.28125,,22.45894051,,23.73192024,,19.98237685,,20.21064949,,20.78244972,30.52554878,,23.71566963,,,,,26.40823936,28.09653091,19.58666992,,,,,,,,,,26.7898407,,21.04681969,,,,,15.92790387,17.60681554,13.91446018,,21.79727936,24.89805984,16.52119006,,20.43725967,,20.78268051,29.91679955,,,,,,,14.33887498,23.70776939,25.53067891,,,,22.53833049,,,20.8357296,,,19.55149859,17.01662064,21.59956932,,17.57164955,30.89188004,17.97489,23.25598,14.14241982,20.40899086,,15.7634697,,24.65685081,25.59524918,27.75716019,23.84860992,24.95823588,19.05137062,,,,20.16673088,27.99336052,27.81826973,,,,19.97364998,,,,,,,16.14632988,,14.24639034,17.89210581
2015,,24.08529602,22.70119095,,23.17185974,,25.2671299,,20.26526234,25.99304962,,14.23553474,22.06760979,31.08044812,26.36434064,23.10199928,22.15795425,26.73137424,33.49278545,31.2193919,26.47031021,27.89731026,20.34435081,,18.14512539,16.97994041,19.48982455,,,23.92368276,,,25.6508007,44.36637115,20.79306984,12.87716961,,,13.29993168,15.52604699,,13.82668018,17.12024545,19.95693016,24.79129982,17.24098191,,20.02749062,2.127659574,19.62433052,,,,14.30133544,,8.510638298,42.53695243,16.68780764,23.86288071,25.27180276,,,,25.53223902,23.68420982,,21.14030075,15.55555556,,19.58884247,17.37816048,24.86664963,15.03565979,17.63768959,29.27169991,17.38283,24.38325,,22.26564026,16.67673716,17.36795044,36.74026108,25.37435913,26.14690018,28.48546028,23.34580994,22.30840141,21.31450081,,27.10374139,,21.0051403,28.34848976,27.9050808,,18.92461782,18.01059447,20.10326004,29.54906082,,7.102187594,25.87672043,,26.7697328,15.34799957,,20.70981979,16.17619841
2016,,24.21987053,23.63948059,,23.45063972,,25.56111908,21.70313945,21.550705,26.59001923,,12.23637043,22.81163025,31.72857327,,23.81497955,22.12997679,26.65356655,33.14885107,31.06930551,27.46052933,25.48286057,19.88538933,29.7037037,17.72032459,19.70846939,23.61168422,,20.36809816,23.15074814,34.50147997,,,44.44443893,19.66448021,13.09072971,8.749857957,32.10533142,11.26060782,14.59435901,,17.89536095,18.44541239,,18.02873993,15.42652818,,21.30080986,5.555555556,20.46313095,28.16142082,,22.96364021,14.0783393,11.24118996,,44.80853085,15.83637605,25.29388046,26.04025246,,,,23.24111457,,,,16.23376623,,18.48507078,15.89074039,25.23179054,19.21334334,,30.29507065,17.05458,24.53046,,22.85763931,16.55026162,17.92020988,36.04018021,23.8803997,26.31962013,29.53126907,23.27630043,,20.45708084,0,33.75054481,,20.49173927,28.77131081,29.02334023,16.13535721,17.01865269,,19.90402985,29.90567017,,6.034009874,25.90906906,,27.85501795,16.85954094,,,12.97532362
2017,,23.61431237,23.66474915,,23.86177063,,,21.87618048,21.55069923,27.50337029,,13.38852276,23.26292992,32.63760515,,25.66826057,22.28361753,24.21928357,33.23203876,,28.83992958,25.23913956,21.17613029,22.93062851,19.35247541,20.31225967,25.8581295,,13.75139043,21.913638,34.92926262,,26.61319923,,20.51326942,14.39941025,,31.51055908,14.72250398,15.42149421,27.59897829,,19.04936589,21.88985062,20.30567932,,,,3.529411765,20.97698021,29.40377045,,,11.55196452,,2.777777778,46.27012412,,27.01461983,28.73974991,9.315589354,,,22.96212067,20.43795967,,21.17260933,15.69767442,,18.57233754,14.9720602,,20.4543807,18.42956924,,16.70148,24.8523,16.61628914,22.94082069,15.82975841,,35.55347061,23.45458031,,27.25345993,,,20.51785088,0,32.10216585,23.31118011,22.10416985,,29.09365082,16.22203027,15.59157212,,20.46533966,29.34420013,,7.566137566,26.63772011,17.45411172,,17.73360062,,,12.11935418
2018,,23.5215824,23.12693024,30.1601338,26.1180706,,25.39432907,21.23757735,25.33602905,26.63920021,19.44189072,16.36783953,22.51725006,32.64561247,,26.82267952,21.43304784,25.28448781,33.86252336,34.23497582,27.73244095,,21.37660027,22.54966887,20.62858641,21.21636009,22.96962516,,16.27052193,21.13604537,34.72487508,,27.23022079,43.25471115,19.27680016,15.45586967,,35.15913811,15.16639936,19.67859892,23.34226679,18.82486916,18.95167374,23.57011986,,,,22.37561989,13.46153846,22.20288086,28.2668705,18.59193039,,,,,46.14519756,9.37841786,26.33353996,24.5540456,9.317803661,,,23.84168263,38.02817154,,22.07254982,17.23356009,,18.281192,15.14920044,24.09837914,20.7949326,17.39794922,31.03226089,16.98965,25.21237,17.45105934,21.65398979,15.42122295,,35.30881119,22.26664925,,28.12023926,24.19915962,23.47610903,20.87475014,0,40.77330432,,21.81357002,,27.98564911,16.04743565,16.1459213,,20.94617081,,,7.660060976,28.12623978,18.97708217,,18.36664963,19.63190079,20.91008949,12.88110462
2019,0,25.90973535,24.63013077,30.98076039,25.85884094,,25.76939011,24.55977383,23.14871025,27.32246971,18.3644104,16.41171554,23.3468895,32.16664593,,27.26618958,21.84685586,25.05327316,34.68388455,32.42551506,27.90954971,25.83444977,22.99415016,24.2335515,18.82147259,23.52244949,25.53183457,,12.95859611,22.0346194,35.39629675,25.42440033,27.96894073,,19.81579018,15.11316013,20.83716845,34.47680263,17.14431934,20.26460382,17.39530218,18.95652008,20.3867728,,17.13293076,16.46420937,,25.05427933,13.58024691,22.53786087,27.33826065,20.20570946,,,,,44.49869016,16.2435947,27.26621056,23.53593054,8.078994614,35.11093555,,29.09472084,,,21.82074928,19.85157699,,18.32672313,13.59119987,25.31438065,19.71237003,18.63032913,31.39673996,17.55338,25.35177,18.5775795,20.80979919,14.67392497,19.23321915,36.78192902,,26.24662018,28.37907028,24.47730064,24.76057084,20.17184067,0,39.17365378,,20.94598007,30.0074501,27.82432938,15.42270152,15.59016644,,20.56810951,29.60523987,,7.567502119,28.35467911,17.22276063,,18.53487968,18.0616703,23.96076965,12.78625954
2020,,24.15965564,23.51935959,33.14602446,25.87601089,,25.88977051,18.63929944,18.65151953,27.00831985,15.21298027,15.21646598,15.49907017,33.71128845,28.42323651,26.02807045,23.42911272,24.25451369,35.45761205,29.58332321,27.47613907,25.82295036,23.63030052,21.08926396,20.1100672,23.32111931,20.67309657,26.92144012,32.10444808,23.34180642,36.27394432,,28.6433506,38.29418945,19.50598907,16.22776031,14.38186095,36.9320099,16.64070613,20.34582133,18.50805312,19.2430706,20.38677025,20.6131897,17.23019981,13.73682205,,25.70546913,19.62616822,23.00642967,27.42243958,18.16979027,,11.82159353,,,39.03520805,18.29922614,28.49309921,22.82974052,7.295373665,39.90506134,14.31345054,24.30069923,,,22.18272972,28.84160757,,17.41241957,13.11159992,26.40819931,19.171875,20.54981041,30.57451057,17.583,25.1702,18.83322906,19.44943047,14.7708742,19.55306053,35.82162094,20.80768013,22.75428963,27.9406395,22.67808914,25.42422105,19.92860985,0,38.90464316,21.60910988,21.22537041,29.09165955,27.7199707,14.14629719,15.49412578,21.3925328,21.40974045,30.18260956,,7.679097154,30.46895027,15.23722628,,17.49741936,28.97196007,19.65751076,8.921323759
2021,,24.16160172,23.91124916,34.75538231,25.46944046,,25.55400085,19.57871769,17.8405467,28.16707039,15.80482006,16.72151627,21.57106972,30.68636252,26.85173035,25.7663002,20.90896349,25.66382097,34.61438317,30.12995791,28.12272072,24.34013939,22.74142075,18.93073776,18.54083818,23.96216011,24.46675814,27.17898941,31.03403982,22.78041424,35.94073412,32.34458923,28.14019012,38.29418945,20.37264061,15.71689034,12.27475959,32.79058768,17.7161465,20.67566874,19.73843058,19.78333092,27.22543755,20.61429977,15.15178967,15.23093234,16.12903023,26.1891098,7.446808511,23.9949894,27.49859047,17.03915977,,12.05145129,,,39.4735844,,,26.26622009,6.382978723,,,24.3006993,,,21.30636978,19.80519481,37.26067747,18.71062954,11.16790962,24.90840912,18.32812648,20.67756081,30.5959301,18.60499,25.32761,19.33783913,19.64237022,15.2987796,20.07167053,35.13888931,21.46225929,22.26078987,28.2132206,23.89254951,25.00672224,19.33218956,0,43.52581096,24.75312042,22.96891022,29.26696014,27.90494919,15.04236433,15.7771718,18.39021905,20.50560951,30.39129066,28.1491637,8.933319153,30.10267067,18.57000285,,,,21.75691032,
2022,1.287549973,25.29041587,,36.19151772,24.89887047,,30.52601051,19.6420703,17.48305739,28.99386978,18.49530029,14.27633099,24.12940979,29.20741606,30.10687962,23.80448914,20.2833981,,31.95086087,29.89043457,27.53000069,23.74871063,23.01431084,17.83311865,20.81203494,24.51832962,24.96428834,27.45647049,28.82830626,28.06865665,35.94686272,35.35454178,29.5295105,37.87931061,19.90139961,15.77507019,,,18.39042958,25.3375286,19.09125915,22.88096046,27.22543907,22.75436974,15.42471981,13.0206955,,25.93584061,28.18181818,25.41369057,26.19297981,16.87476921,32.49552155,12.43242396,16.87924004,5.555555556,,19.66629738,28.72690964,22.55792453,,,,23.51698922,,,21.40834045,26.25,35.19379845,17.70421728,10.20003986,25.84412956,18.94354719,19.14706993,31.05179024,18.80687,25.19013,20.10648918,19.42959023,17.02938565,21.76795959,35.932621,21.34375,22.82567024,29.39967918,23.38069916,23.30610941,19.3649292,0,40.23244883,,21.57456017,28.35881996,27.37009048,14.80929516,16.36216466,23.59171883,21.38279915,30.41798019,28.43521199,9.018318459,29.82234955,14.54001993,29.0408501,16.26697922,,21.76304054,10.29088242
2023,,26.47589256,23.29042053,36.20601408,24.41272926,,24.54754066,18.56669027,17.13663582,28.66321945,,16.57734015,21.84856033,27.08568676,23.17660274,23.68803024,22.37017804,24.06649476,36.76968265,31.14855734,26.47192001,23.77296066,23.00235939,20.12064343,22.52866993,24.16098022,25.39007325,26.94578934,29.53694506,31.52107027,35.63605204,24.35876083,29.98376083,37.92810059,,17.14079094,9.570155577,36.75667675,20.06307316,,18.13851955,24.24921989,24.57131958,,14.20783043,14.76061252,11.11110973,25.12874985,12.08053691,25.41369057,,16.96603012,,13.01672048,16.87923978,0,33.31456879,20.84557931,,24.08357064,13.91136802,37.40551583,,24.16473649,26.96628952,21.45594025,20.53070068,27.17391304,35.60885609,17.3918052,11.2504797,,19.13931779,18.88301086,30.4871006,19.39262,25.28521,20.24703026,19.15229034,18.16770531,,35.49391937,21.25528908,,29.24861908,23.3544693,23.39314104,19.6692009,0,41.1034599,,22.6006794,28.96544075,,14.71571906,17.98959011,20.15446855,22.32272911,30.93662071,30.56482912,11.36993419,33.73115921,11.65794265,31.7363751,16.18486977,,,
2024,1.212121212,25.12595552,,36.45370142,,,,,20.65982619,,,,,,22.06677266,,,23.88987311,35.40045793,30.89651001,,,,22.11399237,24.0627106,,,,,,,,,,,,7.267521693,21.18071507,21.00440459,61.4018018,10.93648619,,29.74181938,,,,21.875,,32.23684211,,,,,12.63370859,14.05012035,,30.30700772,,,24.95912034,,,,,,32.18391037,,18.50961538,,,,,17.6440256,,,,,,,,,,,,,,22.86791767,19.42666054,0,35.08336161,19.23896027,,,,,18.48497763,22.62423714,,,,12.04008376,33.76166916,,30.06779768,,,,
2025,,,,,,,,,,,,,,,,,,,,,,,,,,,,,,,,,,,,,,26.62902499,,,,,,,,,,,,,,,,,14.05011835,,,,,,,,,,,,,,,,,,18.77549694,,,,,,,,,,,,,,,,,,,,,,,,,,,,,,,30.50191399,,,,
